Hora;Codigo;Estado;Motivo rechazo;CUT;CODIGO DISTRITO;CODIGO LOCALIDAD O ZONA;CODIGO ENTIDAD O MANZANA;Ruta PDF;Intersecta PE;Intersecta CRF;Intersecta AV;Homologacion;Formato / Orientacion;Escala;Codigo barra
11:11:17;1101021005059;Correcto;;1101;02;005;059;D:\CROQUIS\MUESTRAS_PDF\ENE\PLANOS_UBICACION\MZ_1101_205059_Oficio_Horizontal_ENE_16.pdf;Si;No;No;Homologada Idéntica;Oficio / Horizontal;1700;*MZ-1101-205059-ENE-16*
11:11:36;1101021004013;Correcto;;1101;02;004;013;D:\CROQUIS\MUESTRAS_PDF\ENE\PLANOS_UBICACION\MZ_1101_204013_Oficio_Horizontal_ENE_16.pdf;No;No;No;Homologada Idéntica;Oficio / Horizontal;700;*MZ-1101-204013-ENE-16*
11:11:53;1101081001009;Correcto;;1101;08;001;009;D:\CROQUIS\MUESTRAS_PDF\ENE\PLANOS_UBICACION\MZ_1101_801009_Oficio_Vertical_ENE_16.pdf;No;No;No;Homologada Idéntica;Oficio / Vertical;700;*MZ-1101-801009-ENE-16*
11:12:12;1101081001006;Correcto;;1101;08;001;006;D:\CROQUIS\MUESTRAS_PDF\ENE\PLANOS_UBICACION\MZ_1101_801006_Oficio_Vertical_ENE_16.pdf;No;No;No;Homologada Idéntica;Oficio / Vertical;600;*MZ-1101-801006-ENE-16*
